{"success":true,"terms":"https:\/\/currencylayer.com\/terms","privacy":"https:\/\/currencylayer.com\/privacy","timestamp":1605199207,"source":"USD","quotes":{"USDAED":3.672974,"USDAFN":76.999888,"USDALL":104.702396,"USDAMD":495.579715,"USDANG":1.795119,"USDAOA":666.403998,"USDARS":79.582202,"USDAUD":1.376485,"USDAWG":1.8,"USDAZN":1.701734,"USDBAM":1.656108,"USDBBD":2.019171,"USDBDT":84.808972,"USDBGN":1.65535,"USDBHD":0.377036,"USDBIF":1941,"USDBMD":1,"USDBND":1.348818,"USDBOB":6.905282,"USDBRL":5.413498,"USDBSD":1.000017,"USDBTC":6.211654e-5,"USDBTN":74.628275,"USDBWP":11.19875,"USDBYN":2.566936,"USDBYR":19600,"USDBZD":2.015784,"USDCAD":1.310804,"USDCDF":1964.999779,"USDCHF":0.913865,"USDCLF":0.027395,"USDCLP":755.866509,"USDCNY":6.612297,"USDCOP":3633.76,"USDCRC":614.150959,"USDCUC":1,"USDCUP":26.5,"USDCVE":93.775021,"USDCZK":22.431036,"USDDJF":178.030111,"USDDKK":6.30259,"USDDOP":58.490316,"USDDZD":128.675047,"USDEGP":15.640403,"USDERN":15.000071,"USDETB":38.111145,"USDEUR":0.846435,"USDFJD":2.104905,"USDFKP":0.760858,"USDGBP":0.760865,"USDGEL":3.314958,"USDGGP":0.760858,"USDGHS":5.864998,"USDGIP":0.760858,"USDGMD":51.750021,"USDGNF":9774.999756,"USDGTQ":7.782858,"USDGYD":209.139867,"USDHKD":7.75442,"USDHNL":24.554184,"USDHRK":6.410299,"USDHTG":63.259327,"USDHUF":300.07031,"USDIDR":14174.55,"USDILS":3.36985,"USDIMP":0.760858,"USDINR":74.609701,"USDIQD":1190,"USDIRR":42104.999738,"USDISK":137.090009,"USDJEP":0.760858,"USDJMD":147.991499,"USDJOD":0.708996,"USDJPY":105.110973,"USDKES":109.139954,"USDKGS":84.508301,"USDKHR":4060.000379,"USDKMF":416.875021,"USDKPW":900.045983,"USDKRW":1113.174973,"USDKWD":0.305798,"USDKYD":0.833376,"USDKZT":428.957307,"USDLAK":9280.000453,"USDLBP":1517.00007,"USDLKR":184.611757,"USDLRD":167.374966,"USDLSL":15.549956,"USDLTL":2.95274,"USDLVL":0.60489,"USDLYD":1.35979,"USDMAD":9.154025,"USDMDL":17.100798,"USDMGA":3952.18378,"USDMKD":52.172772,"USDMMK":1295.082306,"USDMNT":2830.225331,"USDMOP":7.987197,"USDMRO":357.000515,"USDMUR":39.849793,"USDMVR":15.403144,"USDMWK":760.000143,"USDMXN":20.493845,"USDMYR":4.130497,"USDMZN":73.509682,"USDNAD":15.598647,"USDNGN":380.000135,"USDNIO":34.851564,"USDNOK":9.114302,"USDNPR":119.407093,"USDNZD":1.45495,"USDOMR":0.384951,"USDPAB":1.000017,"USDPEN":3.636501,"USDPGK":3.519061,"USDPHP":48.430449,"USDPKR":158.449653,"USDPLN":3.79543,"USDPYG":7031.448458,"USDQAR":3.640974,"USDRON":4.120205,"USDRSD":99.504979,"USDRUB":76.980498,"USDRWF":982.5,"USDSAR":3.750396,"USDSBD":8.101947,"USDSCR":20.548652,"USDSDG":55.300193,"USDSEK":8.62135,"USDSGD":1.348104,"USDSHP":0.760858,"USDSLL":10012.501861,"USDSOS":585.000009,"USDSRD":14.153962,"USDSTD":21031.906016,"USDSVC":8.75036,"USDSYP":512.950144,"USDSZL":15.597294,"USDTHB":30.19745,"USDTJS":11.32805,"USDTMT":3.5,"USDTND":2.743991,"USDTOP":2.297601,"USDTRY":7.695835,"USDTTD":6.785551,"USDTWD":28.494201,"USDTZS":2319.108019,"USDUAH":28.210554,"USDUGX":3700.147335,"USDUSD":1,"USDUYU":42.717065,"USDUZS":10361.479449,"USDVEF":9.987503,"USDVND":23175.5,"USDVUV":112.300474,"USDWST":2.580152,"USDXAF":555.453283,"USDXAG":0.041129,"USDXAU":0.000532,"USDXCD":2.70255,"USDXDR":0.705201,"USDXOF":555.43447,"USDXPF":101.375013,"USDYER":250.34993,"USDZAR":15.57105,"USDZMK":9001.198518,"USDZMW":20.877746,"USDZWL":321.999941}}
